{
  "meta": {
    "description": "Fitted ANN init parameters for reduced oxygen-only model",
    "objective": "Minimize cross-entropy between ANN logits and paper-defined P/Q/A rules",
    "prior_used": false,
    "oxygen_apoptosis_threshold": 0.15,
    "contact_inhibition_threshold": 3,
    "c_range": [
      0.0,
      1.0
    ],
    "n_range": [
      0,
      8
    ],
    "n_c_samples": 401,
    "n_restarts": 40,
    "l2_weight_decay": 0.0001,
    "seed": 11,
    "best_loss": 0.028512683770428218,
    "best_accuracy": 0.9950124688279302
  },
  "scalars": {
    "k_n": 1.7894877710694428,
    "k_c": 21.194648875305184,
    "sN": 9.930478933968395,
    "sA": 13.761883899753213,
    "sAA": 13.76185914610167,
    "bP": 9.984523313791488,
    "bQ": -3.386985432506943,
    "bA": 6.597490024018827
  },
  "derived": {
    "w_in_hidden": [
      [
        0.0,
        1.7894877710694428
      ],
      [
        -21.194648875305184,
        0.0
      ]
    ],
    "theta_hidden": [
      5.368463313208329,
      -3.1791973312957773
    ],
    "W_hidden_out": [
      [
        -9.930478933968395,
        -13.761883899753213
      ],
      [
        9.930478933968395,
        -13.761883899753213
      ],
      [
        0.0,
        13.76185914610167
      ]
    ],
    "phi_out": [
      -9.984523313791488,
      3.386985432506943,
      6.597490024018827
    ]
  }
}